{"bottle_1": 0.12347234508180364, "bowl_5": 0.24628530203810378, "bottle_4": 0.18865094751948636}